par_code,state,ge13_constituency,ge14_constituency,ge13_win_coallition,ge13_win_party,ge14_win_coallition,ge14_win_party,ge13_majority,ge13_majority_pct,ge14_majority,ge14_majority_pct,ge13_malay,ge14_malay,bn_ge13_vote,bn_rede_vote,bn_ge14_vote,bn_ge13_vote_pct,bn_rede_vote_pct,adjusted_rede_diff,bn_ge14_vote_pct,swing_vote,swing_pct,ge13_total_electorate,rede_total_electorate,ge14_total_electorate,ge13_tvv,rede_tvv,ge14_tvv,ge13_turnout,ge14_turnout
P001,Perlis,Padang Besar,Padang Besar,BN,UMNO,BN,UMNO,7426,20.6,1438,3.86,86,87,21473,21473,15032,60,60,0,41,-6441,-42.85,41974,41974,46096,35520,36051,36500,86,81
P002,Perlis,Kangar,Kangar,BN,UMNO,PH,PKR,4037,9.32,5603,12.32,79,82,23343,23343,15306,55,54,-1,34,-8037,-52.51,51207,51207,55938,42649,43316,44680,85,81
P003,Perlis,Arau,Arau,BN,UMNO,BN,UMNO,1371,3.58,4856,12.05,87,88,19376,19376,16547,51,51,0,42,-2829,-17.1,43876,43876,48187,37787,38312,39600,87,84
P004,Kedah,Langkawi,Langkawi,BN,UMNO,PH,PPBM,11861,37.21,8893,25.31,91,90,21407,21407,10061,69,69,0,29,-11346,-112.77,37536,37536,42697,31133,31133,34527,85,82
P005,Kedah,Jerlun,Jerlun,BN,UMNO,PH,PPBM,3270,7.14,5866,13.13,91,91,24161,24161,12413,54,54,0,28,-11748,-94.64,52383,52383,54132,45052,45052,43937,87,83
P006,Kedah,Kubang Pasu,Kubang Pasu,BN,UMNO,PH,PPBM,10444,18.3,13009,21.29,85,86,33334,33334,16975,59,59,0,28,-16359,-96.37,65550,65550,73881,56224,56224,60334,87,83
P007,Kedah,Padang Terap,Padang Terap,BN,UMNO,BN,UMNO,4442,11.75,1099,2.76,92,92,20654,20654,16384,56,56,0,42,-4270,-26.06,41960,41960,46644,37109,37109,38923,90,85
P008,Kedah,Pokok Sena,Pokok Sena,PR,PAS,PH,AMANAH,3935,5.68,5558,7.76,80,81,32263,31953,18390,47,47,0,26,-13563,-73.75,80714,79269,86892,68461,67354,70750,86,82
P009,Kedah,Alor Setar,Alor Setar,PR,PKR,PH,PKR,1873,3.25,15200,23.45,61,64,25491,27575,14181,45,45,0,22,-13394,-94.45,69009,74470,80272,56642,60993,63931,84,81
P010,Kedah,Kuala Kedah,Kuala Kedah,PR,PKR,PH,PKR,4947,6.03,13481,16.79,77,78,37923,36149,19400,47,47,0,25,-16749,-86.34,95328,91312,97753,80793,77549,79167,86,82
P011,Kedah,Pendang,Pendang,BN,UMNO,PAS,PAS,2638,4.22,5808,9.19,88,89,32165,32165,20728,52,52,0,33,-11437,-55.18,70135,70135,74867,61692,61692,62246,89,84
P012,Kedah,Jerai,Jerai,BN,UMNO,PAS,PAS,1196,1.85,539,0.81,79,80,32429,32429,21773,51,51,0,33,-10656,-48.94,74410,74410,79976,63662,63662,65736,87,83
P013,Kedah,Sik,Sik,BN,UMNO,PAS,PAS,2807,6.68,5218,12.23,93,93,22084,22084,14870,53,53,0,35,-7214,-48.51,46786,46786,50385,41361,41361,41928,90,85
P014,Kedah,Merbok,Merbok,BN,UMNO,PH,PKR,4122,5.55,10072,13.9,65,69,38538,35684,20830,53,54,1,29,-14854,-71.31,85908,77972,87782,72954,66354,71350,86,83
P015,Kedah,Sungai Petani,Sungai Petani,PR,PKR,PH,PKR,9548,11.82,21569,23.09,59,61,34646,37500,23963,43,43,0,26,-13537,-56.49,93176,101112,112577,79812,86412,92534,87,83
P016,Kedah,Baling,Baling,BN,UMNO,BN,UMNO,5185,6.25,1074,1.17,89,89,43504,43504,38557,53,53,0,43,-4947,-12.83,93168,93168,107213,81823,81823,90512,89,86
P017,Kedah,Padang Serai,Padang Serai,PR,PKR,PH,PKR,8437,13.1,8813,12.43,56,59,25714,25714,15449,41,41,0,22,-10265,-66.44,74095,74095,84834,63164,63164,70084,87,84
P018,Kedah,Kulim Bandar Baharu,Kulim-Bandar Baharu,BN,UMNO,PH,PKR,1871,3.56,4860,8.8,68,69,26782,26782,18299,52,52,0,34,-8483,-46.36,60910,60910,66587,51693,51693,54343,86,83
P019,Kelantan,Tumpat,Tumpat,BN,UMNO,PAS,PAS,10624,14.74,17500,19.89,94,93,35487,35487,29541,43,43,0,34,-5946,-20.13,98632,98632,110924,81678,81678,86585,73,79
P020,Kelantan,Pengkalan Chepa,Pengkalan Chepa,PR,PAS,PAS,PAS,15120,27.59,13232,22.01,98,98,19497,19644,19360,36,36,0,33,-284,-1.47,64409,65228,75384,54114,54802,59387,85,80
P021,Kelantan,Kota Bahru,Kota Bharu,PR,PAS,PAS,PAS,15970,24.17,5869,8.67,83,84,24650,24650,16256,38,38,0,24,-8394,-51.64,81268,81268,88708,65418,65418,66969,81,76
P022,Kelantan,Pasir Mas,Pasir Mas,PR,PAS,PAS,PAS,8047,13.43,13075,23.87,96,98,0,4524,15005,0,9,9,28,10481,69.85,71965,65136,71222,58815,52922,53551,83,77
P023,Kelantan,Rantau Panjang,Rantau Panjang,PR,PAS,PAS,PAS,6276,15.01,6150,12.5,98,97,17405,12881,18431,42,27,-15,38,5550,30.11,52903,59732,66115,41172,47065,48373,79,74
P024,Kelantan,Kubang Kerian,Kubang Kerian,PR,PAS,PAS,PAS,16741,30.5,19369,30.19,98,98,18769,20974,16251,35,35,0,26,-4723,-29.06,65390,71570,82018,54279,59518,63428,84,78
P025,Kelantan,Bachok,Bachok,PR,PAS,PAS,PAS,201,0.28,3292,4.38,98,98,35218,35218,32896,50,50,0,44,-2322,-7.06,81566,81566,92606,70637,70637,73964,88,81
P026,Kelantan,Ketereh,Ketereh,BN,UMNO,BN,UMNO,974,1.81,4626,8.58,97,97,26912,24560,25467,51,52,1,48,907,3.56,62217,55218,65238,52850,46923,53107,86,83
P027,Kelantan,Tanah Merah,Tanah Merah,BN,UMNO,BN,UMNO,4227,8.48,2929,4.96,94,95,26505,27098,28152,54,54,0,48,1054,3.74,58237,59446,73172,48996,50046,58122,86,81
P028,Kelantan,Pasir Puteh,Pasir Puteh,PR,PAS,PAS,PAS,1888,2.86,1360,1.97,98,98,31691,31691,30947,49,49,0,45,-744,-2.4,76259,76259,85411,65270,65270,68150,87,81
P029,Kelantan,Machang,Machang,BN,UMNO,BN,UMNO,805,1.57,2824,5.06,96,96,25660,25660,26076,51,51,0,47,416,1.6,59226,59226,68387,50515,50515,55023,87,82
P030,Kelantan,Jeli,Jeli,BN,UMNO,BN,UMNO,5269,13.95,2824,7.21,98,98,21345,20752,21665,57,57,0,56,913,4.21,43224,42015,47470,37354,36304,38761,87,83
P031,Kelantan,Kuala Krai,Kuala Krai,PR,PAS,PAS,PAS,2043,3.75,7992,14.31,94,95,25876,25876,20911,48,48,0,38,-4965,-23.74,63101,63101,70348,53795,53795,54987,86,79
P032,Kelantan,Gua Musang,Gua Musang,BN,UMNO,BN,UMNO,8413,24.01,3913,9.57,81,82,21367,21367,19426,62,62,0,49,-1941,-9.99,40176,40176,52524,34321,34321,39936,87,78
P033,Terengganu,Besut,Besut,BN,UMNO,BN,UMNO,8342,13.29,4599,6.4,98,98,35232,35232,34335,57,57,0,48,-897,-2.61,72566,72566,86627,62122,62122,70935,86,83
P034,Terengganu,Setiu,Setiu,BN,UMNO,PAS,PAS,7943,13.43,2802,3.83,99,99,33198,36077,32218,57,56,-1,45,-3859,-11.98,67280,74057,86247,58453,64346,71978,88,85
P035,Terengganu,Kuala Nerus,Kuala Nerus,PR,PAS,PAS,PAS,610,0.9,8447,11.6,99,99,33251,30372,29527,50,50,0,41,-845,-2.86,76238,69461,83663,67112,61219,72105,89,87
P036,Terengganu,Kuala Terengganu,Kuala Terengganu,PR,PAS,PAS,PAS,10785,13.17,14773,16.91,89,90,35043,35043,28215,43,43,0,33,-6828,-24.2,94406,94406,103611,81053,81053,86583,87,84
P037,Terengganu,Marang,Marang,PR,PAS,PAS,PAS,5124,6.28,21954,23.94,98,98,37860,37860,31795,47,47,0,35,-6065,-19.08,90795,90795,104898,80844,80844,90682,90,87
P038,Terengganu,Hulu Terengganu,Hulu Terengganu,BN,UMNO,BN,UMNO,8213,14.54,2868,4.54,99,99,31940,31940,30925,57,57,0,50,-1015,-3.28,63543,63543,73487,55667,55667,62346,89,86
P039,Terengganu,Dungun,Dungun,PR,PAS,PAS,PAS,3942,5.79,13119,17.19,96,96,31406,30604,27731,47,47,0,37,-2873,-10.36,78174,75610,90506,67138,64958,75414,87,84
P040,Terengganu,Kemaman,Kemaman,BN,UMNO,PAS,PAS,12306,15.39,2163,2.36,94,93,45525,45525,37715,58,58,0,42,-7810,-20.71,91942,91942,107593,78744,78744,90504,87,85
P041,Penang,Kepala Batas,Kepala Batas,BN,UMNO,BN,UMNO,4176,8.95,4736,8.93,76,79,25128,25128,22459,55,49,-6,43,-2669,-11.88,51635,51635,60523,46080,51635,52302,90,88
P042,Penang,Tasek Gelugor,Tasek Gelugor,BN,UMNO,BN,UMNO,3042,6.34,81,0.15,77,78,24393,24393,18547,52,45,-7,36,-5846,-31.52,54042,54042,60850,47334,54042,51904,89,86
P043,Penang,Bagan,Bagan,PR,DAP,PH,DAP,34159,57.18,43902,73.11,14,13,12307,12307,7751,21,18,-3,13,-4556,-58.78,68503,68503,71583,59101,68503,59585,87,84
P044,Penang,Permatang Pauh,Permatang Pauh,PR,PKR,PH,PKR,11721,18.51,15668,22.23,69,72,25369,25369,19866,40,40,0,28,-5503,-27.7,71699,71699,81789,62660,63332,69828,88,86
P045,Penang,Bukit Mertajam,Bukit Mertajam,PR,DAP,PH,DAP,43063,62.05,52877,69.76,18,19,12814,12814,10907,19,18,-1,15,-1907,-17.48,78996,78996,88998,68691,69403,74691,88,85
P046,Penang,Batu Kawan,Batu Kawan,PR,DAP,PH,DAP,25962,51.78,33553,60.59,20,21,10674,10674,9130,22,21,-1,17,-1544,-16.91,57500,57500,65394,49416,50139,54705,87,85
P047,Penang,Nibong Tebal,Nibong Tebal,PR,PKR,PH,PKR,8598,16.37,15817,25.09,45,48,21405,21405,19578,41,41,0,31,-1827,-9.33,59345,59345,73383,51705,52538,62179,89,86
P048,Penang,Bukit Bendera,Bukit Bendera,PR,DAP,PH,DAP,32778,55.54,40731,67.64,14,15,12813,12813,9318,22,22,0,16,-3495,-37.51,71085,71085,75069,58404,59019,59706,83,80
P049,Penang,Tanjong,Tanjong,PR,DAP,PH,DAP,28645,66.82,29599,73.86,6,6,6865,6865,5064,16,16,0,13,-1801,-35.56,51487,51487,49586,42375,42870,39727,83,81
P050,Penang,Jelutong,Jelutong,PR,DAP,PH,DAP,25750,41.91,38171,59.28,20,23,17461,17461,12529,29,28,-1,20,-4932,-39.36,71247,71247,76991,60672,61441,63666,86,84
P051,Penang,Bukit Gelugor,Bukit Gelugor,PR,DAP,PH,DAP,41778,59.21,55951,73.39,15,14,13597,13597,9671,19,19,0,13,-3926,-40.6,81897,81897,91595,69900,70554,75705,86,83
P052,Penang,Bayan Baru,Bayan Baru,PR,PKR,PH,PKR,19307,28.12,37751,49.93,39,40,24251,24251,13804,36,35,-1,18,-10447,-75.68,79155,79155,90780,67809,68659,74849,87,83
P053,Penang,Balik Pulau,Balik Pulau,BN,UMNO,PH,PKR,1539,3.52,6464,12.82,60,65,22318,22318,19007,52,51,-1,38,-3311,-17.42,49641,49641,59086,43097,43709,49776,88,85
P054,Perak,Gerik,Gerik,BN,UMNO,BN,UMNO,6216,22.93,5528,19.81,68,69,16415,16415,13243,62,62,0,48,-3172,-23.95,32725,32725,35903,26614,26614,27311,83,78
P055,Perak,Lenggong,Lenggong,BN,UMNO,BN,UMNO,3453,14.7,5773,24.45,82,83,13639,13639,12523,59,59,0,54,-1116,-8.91,27950,27950,29752,23117,23117,23205,84,79
P056,Perak,Larut,Larut,BN,UMNO,BN,UMNO,5296,13.26,4486,11.12,89,90,22184,22184,18184,56,56,0,46,-4000,-22,46577,46577,49453,39350,39350,39620,86,82
P057,Perak,Parit Buntar,Parit Buntar,PR,PAS,PH,AMANAH,8476,19.19,3098,7.16,68,69,17539,17539,13655,40,40,0,32,-3884,-28.44,51422,51422,51860,43554,43554,42720,86,83
P058,Perak,Bagan Serai,Bagan Serai,BN,UMNO,BN,UMNO,1140,2.46,172,0.36,76,78,23014,23014,17220,51,51,0,36,-5794,-33.65,54792,54792,59293,45217,45217,47255,85,81
P059,Perak,Bukit Gantang,Bukit Gantang,PR,PAS,BN,UMNO,986,1.62,4089,7.1,65,72,29577,27958,22450,49,50,1,39,-5508,-24.53,71257,65320,69873,60140,55381,56863,85,82
P060,Perak,Taiping,Taiping,PR,DAP,PH,DAP,11745,18.42,27384,38.66,37,39,25530,27149,15613,41,40,-1,22,-11536,-73.89,78148,84085,90729,62805,67564,69743,82,78
P061,Perak,Padang Rengas,Padang Rengas,BN,UMNO,BN,UMNO,2230,9.22,2548,9.95,76,78,13005,13005,10491,55,55,0,41,-2514,-23.96,28518,28518,30996,23780,23780,25281,85,83
P062,Perak,Sungai Siput,Sungai Siput,PR,PKR,PH,PKR,2793,6.72,5607,12.88,33,34,18800,18800,15210,46,46,0,36,-3590,-23.6,51596,51596,55002,40590,40590,42726,81,79
P063,Perak,Tambun,Tambun,BN,UMNO,PH,PPBM,9325,12.26,5320,6.05,64,66,42093,42449,33341,56,56,0,38,-9108,-27.32,89435,92616,107763,74861,75753,86950,85,82
P064,Perak,Ipoh Timor,Ipoh Timur,PR,DAP,PH,DAP,34000,52.3,42797,60.05,14,21,15086,19401,13722,24,27,3,20,-5679,-41.39,81818,90996,91486,64172,72419,70241,79,78
P065,Perak,Ipoh Barat,Ipoh Barat,PR,DAP,PH,DAP,29038,46.16,45724,68.88,23,12,16382,17088,9889,26,26,0,15,-7199,-72.8,77761,82036,84874,62037,66677,65502,81,78
P066,Perak,Batu Gajah,Batu Gajah,PR,DAP,PH,DAP,38596,55.06,43868,69.06,15,10,15360,13691,8982,22,22,0,14,-4709,-52.43,87587,80718,81399,69130,63551,62787,80,78
P067,Perak,Kuala Kangsar,Kuala Kangsar,BN,UMNO,BN,UMNO,1082,3.84,731,2.39,68,70,14218,14218,12102,51,51,0,40,-2116,-17.48,33540,33540,36954,27801,27801,30056,84,83
P068,Perak,Beruas,Beruas,PR,DAP,PH,DAP,5057,12.8,27954,45.62,33,26,16882,22623,13277,43,37,-6,22,-9346,-70.39,49205,77065,79794,38821,60667,60267,80,77
P069,Perak,Parit,Parit,BN,UMNO,BN,UMNO,4497,15.76,6320,21.49,92,93,16253,16253,14035,58,58,0,48,-2218,-15.8,33503,33503,35910,28009,28009,28990,85,82
P070,Perak,Kampar,Kampar,PR,DAP,PH,DAP,5400,10.99,11801,22.12,29,33,21463,23200,18415,44,46,2,35,-4785,-25.98,63619,66604,69436,48326,50719,52495,77,77
P071,Perak,Gopeng,Gopeng,PR,PKR,PH,PKR,15309,18.84,29778,37.18,43,42,32249,28541,19145,40,40,0,24,-9396,-49.08,97092,87327,99167,79807,71607,79233,84,81
P072,Perak,Tapah,Tapah,BN,MIC,BN,MIC,7927,21.51,614,1.66,46,46,20670,18933,16086,58,57,-1,44,-2847,-17.7,45485,42500,47128,35803,33410,36174,81,78
P073,Perak,Pasir Salak,Pasir Salak,BN,UMNO,BN,UMNO,7386,17.03,7712,17.39,79,81,24875,24875,20003,59,59,0,46,-4872,-24.36,51498,51498,54671,42364,42364,43445,84,81
P074,Perak,Lumut,Lumut,PR,PKR,PH,AMANAH,8168,11.1,400,0.73,51,72,32140,26399,21555,44,52,8,40,-4844,-22.47,88300,60440,67157,72448,50602,53645,83,81
P075,Perak,Bagan Datok,Bagan Datuk,BN,UMNO,BN,UMNO,2108,6.4,5073,13.48,55,59,17176,17176,18909,53,53,0,51,1733,9.16,39924,39924,47309,32244,32244,36806,83,80
P076,Perak,Telok Intan,Teluk Intan,PR,DAP,PH,DAP,7313,15.03,11179,20.55,38,41,20086,20086,17991,42,42,0,34,-2095,-11.64,60483,60483,66487,47764,47764,53655,80,82
P077,Perak,Tanjong Malim,Tanjung Malim,BN,MCA,PH,PKR,4328,8.13,5358,9.68,53,56,28225,28225,19314,54,54,0,36,-8911,-46.14,64499,64499,68468,52122,52122,54297,83,81
P078,Pahang,Cameron Highlands,Cameron Highlands,BN,MIC,BN,MIC,462,2.03,597,2.37,34,34,10506,10506,10307,48,48,0,42,10307,-1.93,27980,27980,32048,21871,21871,24365,81,78
P079,Pahang,Lipis,Lipis,BN,UMNO,BN,UMNO,3469,12.85,6569,23.01,76,78,14863,14863,13995,56,56,0,50,13995,-6.2,32324,32324,35294,26560,26560,28092,83,81
P080,Pahang,Raub,Raub,PR,DAP,PH,DAP,2814,6.26,3159,6.75,50,52,20601,20601,17500,47,47,0,38,17500,-17.72,54214,54214,57723,44016,44016,46025,83,81
P081,Pahang,Jerantut,Jerantut,BN,UMNO,BN,UMNO,4532,9.16,5908,11.54,81,82,26544,26544,22640,55,55,0,45,22640,-17.24,58364,58364,63609,48556,48556,50249,85,80
P082,Pahang,Indera Mahkota,Indera Mahkota,PR,PKR,PH,PKR,7523,13.8,10950,17.02,65,67,23061,23061,17628,43,43,0,28,17628,-30.82,64219,64219,77208,53838,53838,63721,85,83
P083,Pahang,Kuantan,Kuantan,PR,PKR,PH,PKR,4515,9.46,8111,15.61,63,66,21319,21319,13667,45,45,0,27,13667,-55.99,56280,56280,62696,47153,47153,51170,85,83
P084,Pahang,Paya Besar,Paya Besar,BN,UMNO,BN,UMNO,7715,18.96,5742,12.83,81,83,23747,23747,19033,59,59,0,43,19033,-24.77,48067,48067,55135,40051,40051,44100,85,81
P085,Pahang,Pekan,Pekan,BN,UMNO,BN,UMNO,35613,52.2,24859,34.52,89,88,51278,51278,43854,77,77,0,62,43854,-16.93,80260,80260,88899,66943,66943,70614,85,81
P086,Pahang,Maran,Maran,BN,UMNO,BN,UMNO,6475,19.87,3763,11.33,90,90,19249,19249,16064,60,60,0,49,16064,-19.83,38436,38436,41036,32023,32023,32725,85,81
P087,Pahang,Kuala Krau,Kuala Krau,BN,UMNO,BN,UMNO,6205,16.53,2876,7.39,90,90,21575,21575,18058,58,58,0,47,18058,-19.48,43003,43003,47264,36945,36945,38311,87,82
P088,Pahang,Temerloh,Temerloh,PR,PAS,PH,AMANAH,1070,1.9,1904,3.08,65,66,27197,27197,22094,49,49,0,36,22094,-23.1,66105,66105,75081,55464,55464,61050,85,82
P089,Pahang,Bentong,Bentong,BN,MCA,PH,DAP,379,0.72,2032,3.64,45,47,25947,25947,23684,50,50,0,43,23684,-9.55,62266,62266,67359,51515,51515,55106,84,83
P090,Pahang,Bera,Bera,BN,UMNO,BN,UMNO,2143,5,2311,4.81,60,62,21669,21669,20760,52,52,0,44,20760,-4.38,50997,50997,58711,41865,41865,47305,84,82
P091,Pahang,Rompin,Rompin,BN,UMNO,BN,UMNO,15114,32.96,11395,22.5,88,88,30040,30040,26628,67,67,0,54,26628,-12.81,53596,53596,61918,44966,44966,49737,86,82
P092,Selangor,Sabak Bernam,Sabak Bernam,BN,UMNO,BN,UMNO,1644,5.19,1674,4.94,82,83,16510,16510,12862,53,53,0,39,-3648,-28.36,37318,37318,40863,31130,31130,33350,85,83
P093,Selangor,Sungai Besar,Sungai Besar,BN,UMNO,PH,PKR,399,1.06,714,1.71,67,69,18695,18695,16636,51,51,0,40,-2059,-12.38,42837,42837,48739,36991,36991,41206,88,86
P094,Selangor,Hulu Selangor,Hulu Selangor,BN,MIC,PH,PKR,3414,4.56,13391,15.48,57,60,37403,37403,27392,51,51,0,32,-10011,-36.55,85697,85697,100990,73496,73496,85221,87,86
P095,Selangor,Tanjong Karang,Tanjong Karang,BN,UMNO,BN,UMNO,4394,11.66,1970,4.8,73,75,20548,20602,17596,55,56,1,43,-3006,-17.08,42333,42418,47198,37042,37118,40498,89,87
P096,Selangor,Kuala Selangor,Kuala Selangor,BN,UMNO,PH,AMANAH,460,0.83,8498,14,64,65,27500,26420,21344,50,51,1,36,-5076,-23.78,62298,59478,69397,54540,51939,59721,89,87
P097,Selangor,Selayang,Selayang,PR,PKR,PH,PKR,17846,19.33,40657,41.09,45,52,34385,32027,19501,38,41,3,20,-12526,-64.23,105895,92282,116176,90880,78887,98002,87,85
P098,Selangor,Gombak,Gombak,PR,PKR,PH,PKR,4734,4.43,48721,40.61,74,76,50093,51454,26392,48,49,1,22,-25062,-94.96,123290,123935,141112,105394,105765,119042,87,85
P099,Selangor,Ampang,Ampang,PR,PKR,PH,PKR,13278,18.6,41956,54.38,55,55,28691,26100,12351,41,38,-3,16,-13749,-111.32,83135,79141,91737,70660,68155,76550,86,84
P100,Selangor,Pandan,Pandan,PR,PKR,PH,PKR,26729,36.58,52543,60.89,44,46,21454,22684,12190,30,31,1,14,-10494,-86.09,83857,87206,101319,72052,74186,85774,87,85
P101,Selangor,Hulu Langat,Hulu Langat,PR,PAS,PH,AMANAH,17267,15.37,25424,28.51,53,65,46860,34902,23580,42,49,7,27,-11322,-48.02,127347,80533,102363,110987,70850,88247,88,87
P102,Selangor,Serdang,Bangi,PR,DAP,PH,DAP,42206,35.75,68768,43.68,40,48,37032,43430,19766,32,35,3,13,-23664,-119.72,133139,141456,178790,116270,122576,156327,89,88
P103,Selangor,Puchong,Puchong,PR,DAP,PH,DAP,32802,34.77,47635,56.61,39,37,30136,22851,12794,32,32,0,15,-10057,-78.61,107010,81706,96437,93074,71434,83478,88,87
P104,Selangor,Kelana Jaya,Subang,PR,PKR,PH,PKR,28827,33.41,92353,73.11,38,27,27963,26589,12077,33,25,-8,10,-14512,-120.16,101236,125489,146422,85116,108259,125705,85,86
P105,Selangor,PJ Selatan,Petaling Jaya,PR,PKR,PH,PKR,19216,29.48,57137,49.15,40,47,21846,38495,21847,34,37,3,19,-16648,-76.2,79558,128411,140920,64355,104464,115279,82,82
P106,Selangor,PJ Utara,Damansara,PR,DAP,PH,DAP,44672,63.26,106903,77.95,15,20,12735,25528,14380,18,20,2,11,-11148,-77.52,85401,150074,164322,70142,126198,136280,83,83
P107,Selangor,Subang,Sungai Buloh,PR,PKR,PH,PKR,26719,23.73,26634,33.87,50,65,39549,28543,16681,36,45,9,21,-11862,-71.11,128543,73508,90707,110949,63922,77951,88,87
P108,Selangor,Shah Alam,Shah Alam,PR,PAS,PH,AMANAH,10939,12.44,33849,36.05,69,75,38070,35702,22100,44,46,2,24,-13602,-61.55,99957,88611,107316,87079,77382,93243,88,88
P109,Selangor,Kapar,Kapar,PR,PKR,PH,PKR,23790,18.78,16306,15.16,51,71,46059,41273,26412,37,46,9,25,-14861,-56.27,144159,104196,124983,124330,89727,106093,88,86
P110,Selangor,Klang,Klang,PR,DAP,PH,DAP,24685,29.35,78773,61.41,33,26,29034,33635,19506,35,29,-6,15,-14129,-72.43,97073,137978,149348,82753,117960,127074,87,86
P111,Selangor,Kota Raja,Kota Raja,PR,PAS,PH,AMANAH,29395,31.76,71142,55.11,48,43,29711,31431,17874,32,32,0,14,-13557,-75.85,105909,113718,149021,91461,98262,128126,87,87
P112,Selangor,Kuala Langat,Kuala Langat,PR,PKR,PH,PKR,5358,6.82,17112,19.18,55,57,35625,35625,26127,46,46,0,30,-9498,-36.35,88474,88474,102406,77034,77034,88097,89,87
P113,Selangor,Sepang,Sepang,PR,PAS,PH,AMANAH,1104,1.47,18705,20.39,59,62,35658,35658,28035,48,48,0,31,-7623,-27.19,84362,84362,104508,73735,73735,90657,89,88
P114,Federal Territories,Kepong,Kepong,PR,DAP,PH,DAP,40307,68.89,51628,83.64,4,5,7530,7862,4888,13,13,0,8,-2974,-60.84,68035,71594,72696,58124,61283,61404,86,85
P115,Federal Territories,Batu,Batu,PR,PKR,IND,IND,13284,18.45,24438,38.6,44,43,28388,24703,13687,40,40,0,22,-11016,-80.49,85402,72828,76328,71382,61013,62805,84,83
P116,Federal Territories,Wangsa Maju,Wangsa maju,PR,PKR,PH,PKR,5511,9.48,24238,32.7,52,60,26130,29263,17940,45,46,1,24,-11323,-63.12,67775,75143,88482,57771,63801,73608,86,84
P117,Federal Territories,Segambut,Segambut,PR,DAP,PH,DAP,19199,29.97,45702,70.29,36,28,22184,22629,7422,35,34,-1,11,-15207,-204.89,75631,78570,77956,63567,65764,64727,85,83
P118,Federal Territories,Setiawangsa,Setiawangsa,BN,UMNO,PH,PKR,1390,2.64,14372,23.35,56,61,26809,26584,20099,51,52,1,33,-6485,-32.27,62309,61017,72136,52228,51211,60852,85,85
P119,Federal Territories,Titiwangsa,Titwangsa,BN,UMNO,PH,PPBM,866,1.9,4139,8.16,67,70,23034,23034,19701,51,51,0,39,-3333,-16.92,55282,55282,61598,45202,45202,50386,82,82
P120,Federal Territories,Bukit Bintang,Bukit Bintang,PR,DAP,PH,DAP,19399,46.44,37260,70.75,16,13,11009,14140,7256,27,25,-2,14,-6884,-94.87,55721,74625,69526,41417,57275,52408,75,76
P121,Federal Territories,Lembah Pantai,Lembah Pantai,PR,PKR,PH,PKR,1847,3.04,5598,8.37,55,62,29161,27439,27715,48,50,2,42,276,1,72396,66084,80346,60336,55160,66305,84,83
P122,Federal Territories,Seputeh,Seputeh,PR,DAP,PH,DAP,51552,71.85,56059,79.6,6,9,9948,11063,7035,14,16,2,10,-4028,-57.26,85976,82526,86256,71448,68564,70129,83,82
P123,Federal Territories,Cheras,Cheras,PR,DAP,PH,DAP,37409,62.97,49667,77.66,10,10,10840,11048,7006,18,18,0,11,-4042,-57.69,72551,74231,78819,59089,60449,63677,82,81
P124,Federal Territories,Bandar Tun Razak ,Bandar Tun Razak,PR,PKR,PH,PKR,11832,15.14,19930,28.21,53,61,32235,29503,21196,42,43,1,30,-8307,-39.19,90993,80171,83650,77286,68128,70206,86,84
P125,Federal Territories,Putrajaya,Putrajaya,BN,UMNO,BN,UMNO,5541,38.43,3372,13.65,94,94,9943,9943,12148,69,69,0,49,2205,18.15,15791,15791,27306,14345,14418,24558,91,90
P126,Negeri Sembilan,Jelebu,Jelebu,BN,UMNO,BN,UMNO,7101,18.74,2045,5.17,63,65,22114,22114,19062,60,60,0,49,-3052,-16.01,44937,44937,48522,37127,37127,38957,84,81
P127,Negeri Sembilan,Jempol,Jempol,BN,UMNO,BN,UMNO,8614,15.75,1631,2.8,61,63,31124,31124,26819,58,58,0,47,-4305,-16.05,65213,65213,72122,53619,53619,57274,84,81
P128,Negeri Sembilan,Seremban,Seremban,PR,DAP,PH,DAP,12553,14.37,30694,33.05,44,48,33075,32577,24809,39,39,0,27,-7768,-31.31,102305,98145,110168,85873,82534,91818,85,84
P129,Negeri Sembilan,Kuala Pilah,Kuala Pilah,BN,UMNO,PH,PPBM,9661,24.06,200,0.49,76,77,24507,24507,17845,62,62,0,44,-6662,-37.33,47671,47671,49801,39353,39353,40237,84,82
P130,Negeri Sembilan,Rasah,Rasah,PR,DAP,PH,DAP,23485,31.04,46867,54.27,28,30,25479,25977,14939,34,33,-1,18,-11038,-73.89,88403,92563,102838,74443,77782,85307,86,84
P131,Negeri Sembilan,Rembau,Rembau,BN,UMNO,BN,UMNO,18357,26.49,4364,5.83,70,73,43053,43053,36096,63,63,0,49,-6957,-19.27,79661,79661,88365,68074,68074,73856,87,85
P132,Negeri Sembilan,Teluk Kemang,Port Dickson,PR,PKR,PH,PKR,1579,2.64,17710,28.44,42,43,28269,28269,18515,48,48,0,30,-9754,-52.68,70524,70524,75212,58511,58511,61334,85,83
P133,Negeri Sembilan,Tampin,Tampin,BN,UMNO,PH,AMANAH,11162,22.94,1002,2.03,61,63,29390,29390,21433,62,62,0,44,-7957,-37.12,57268,57268,60765,47618,47618,48466,85,81
P134,Malacca,Masjid Tanah,Masjid Tanah,BN,UMNO,BN,UMNO,16200,40.76,8159,18.99,82,83,27688,27688,22898,71,71,0,54,-4790,-20.92,45952,45952,51441,39176,39176,42325,86,84
P135,Malacca,Alor Gajah,Alor Gajah,BN,MCA,PH,PPBM,11597,21.07,6980,11.87,58,61,32594,32594,22350,61,61,0,39,-10244,-45.83,63591,63591,70364,53591,53591,57815,87,84
P136,Malacca,Tangga Batu,Tangga Batu,BN,UMNO,PH,PKR,15633,24.32,4659,6.63,68,71,39468,38458,27761,62,63,1,40,-10697,-38.53,73282,70286,83213,63303,60696,69142,88,84
P137,Malacca,Bukit Katil,Hang Tuah Jaya,PR,PKR,PH,PKR,5447,6.18,8640,11.15,53,62,40624,34768,30427,47,52,5,40,-4341,-14.27,99438,76997,89364,86981,67294,76583,89,87
P138,Malacca,Kota Melaka,Kota Melaka,PR,DAP,PH,DAP,20746,26.11,49175,46.08,36,37,28775,35641,27343,37,35,-2,26,-8298,-30.35,92322,117759,126848,78296,100590,105276,86,84
P139,Malacca,Jasin,Jasin,BN,UMNO,BN,UMNO,11763,20.74,219,0.35,71,74,33736,33736,26560,61,61,0,43,-7176,-27.02,64455,64455,73432,55709,55709,61761,88,85
P140,Johor,Segamat,Segamat,BN,MIC,PH,PKR,1217,3.06,5476,11.89,44,46,20037,20037,18584,52,52,0,41,-1453,-7.82,47009,47009,55350,38857,38857,45320,85,83
P141,Johor,Sekijang,Sekijang,BN,UMNO,PH,PKR,3007,8.03,1281,3.34,56,59,19934,19934,18278,54,54,0,48,-1656,-9.06,43066,43066,45596,36861,36861,37837,87,84
P142,Johor,Labis,Labis,BN,MCA,PH,DAP,353,1.1,3408,10.31,37,38,15821,15821,13567,51,51,0,42,-2254,-16.61,37714,37714,40356,31289,31289,32578,85,82
P143,Johor,Pagoh,Pagoh,BN,UMNO,PH,PPBM,12842,31.69,6927,15.97,65,66,26274,26645,16631,66,66,0,39,-10014,-60.21,46793,47538,51512,39706,40340,42672,87,84
P144,Johor,Ledang,Ledang,BN,UMNO,PH,PKR,1967,3.26,8666,13.04,54,56,30619,30619,26040,52,52,0,40,-4579,-17.58,69316,69316,77474,59271,59271,65414,87,86
P145,Johor,Bakri,Bakri,PR,DAP,PH,DAP,5067,8.7,23211,37.18,44,44,26051,26001,15507,46,45,-1,25,-10494,-67.67,67202,68595,73883,57169,58220,61800,87,85
P146,Johor,Muar,Muar,BN,UMNO,PH,PPBM,1646,4.03,6953,16.28,63,67,20867,20546,15388,52,54,2,37,-5158,-33.52,48208,46070,50843,40088,38403,42083,85,84
P147,Johor,Parit Sulong,Parit Sulong,BN,UMNO,BN,UMNO,11753,23.64,6341,12.53,77,79,30258,30258,24481,62,62,0,49,-5777,-23.6,56896,56896,59609,48763,48763,49769,87,85
P148,Johor,Ayer Hitam,Ayer Hitam,BN,MCA,BN,MCA,7310,19.37,303,0.77,58,58,22045,21823,17076,60,60,0,44,-4747,-27.8,42913,42612,46157,36780,36519,38824,88,85
P149,Johor,Sri Gading,Sri Gading,BN,UMNO,PH,PPBM,5761,14.47,3288,7.32,65,65,22453,22675,18223,57,58,1,41,-4452,-24.43,44816,45117,52119,39145,39406,44282,89,86
P150,Johor,Batu Pahat,Batu Pahat,PR,PKR,PH,PKR,1732,2.25,17894,21.5,53,55,37039,37039,28035,49,49,0,34,-9004,-32.12,88272,88272,98543,75602,75602,82137,87,84
P151,Johor,Simpang Renggam,Simpang Renggam,BN,Gerakan,PH,PPBM,5706,16.46,3475,9.49,57,60,19754,19754,14682,58,58,0,41,-5072,-34.55,40143,40143,43998,33802,33802,35822,86,83
P152,Johor,Kluang,Kluang,PR,DAP,PH,DAP,7359,9.8,23053,28.3,40,42,33215,33215,24618,45,45,0,31,-8597,-34.92,86732,86732,96915,73789,73789,80531,87,84
P153,Johor,Sembrong,Sembrong,BN,UMNO,BN,UMNO,10631,29.65,6662,18.18,59,60,22841,22841,14691,65,65,0,41,-8150,-55.48,41588,41588,44137,35051,35051,36044,86,83
P154,Johor,Mersing,Mersing,BN,UMNO,BN,UMNO,15747,42.22,8459,22.16,80,81,26184,26184,19806,71,71,0,53,-6378,-32.2,44497,44497,48176,36621,36621,37368,84,79
P155,Johor,Tenggara,Tenggara,BN,UMNO,BN,UMNO,17196,49.31,5933,15.74,73,75,25698,25698,20142,75,75,0,54,-5556,-27.58,39694,39694,44749,34200,34200,37034,88,84
P156,Johor,Kota Tinggi,Kota Tinggi,BN,UMNO,BN,UMNO,24574,66.65,14621,37.49,87,88,30373,30373,26407,84,84,0,69,-3966,-15.02,41894,41894,46677,36172,36172,38193,88,84
P157,Johor,Pengerang,Pengerang,BN,UMNO,BN,UMNO,22508,68.27,11417,34.81,88,90,26992,26992,21829,84,84,0,68,-5163,-23.65,37999,37999,40479,32271,32271,32241,87,81
P158,Johor,Tebrau,Tebrau,BN,MCA,PH,PKR,1767,2.22,37225,35.4,47,47,39985,39985,27310,51,51,0,26,-12675,-46.41,90482,90482,123033,78203,78203,103943,88,85
P159,Johor,Pasir Gudang,Pasir Gudang,BN,UMNO,PH,PKR,935,1.06,24716,23.24,48,49,43834,43834,36889,51,51,0,35,-6945,-18.83,101041,101041,124172,86733,86733,105009,88,86
P160,Johor,Johor Bahru,Johor Baru,BN,UMNO,PH,PKR,10134,12.7,19782,24.31,52,53,44509,45150,30270,57,57,0,38,-14880,-49.16,96321,97897,101409,78523,79696,80322,83,80
P161,Johor,Pulai,Pulai,BN,UMNO,PH,AMANAH,3226,3.76,28924,32.92,48,49,43751,41248,26523,52,53,1,31,-14725,-55.52,100490,92412,106268,84276,77435,86893,85,83
P162,Johor,Gelang Patah,Iskandar Puteri,PR,DAP,PH,DAP,14762,15.56,44864,37.84,34,37,39522,40905,35862,42,42,0,31,-5043,-14.06,106726,111596,138299,93806,98063,116588,89,86
P163,Johor,Kulai,Kulai,PR,DAP,PH,DAP,13450,17.96,32748,38.29,33,35,29888,30367,22564,41,41,0,27,-7803,-34.58,83991,85623,99147,73464,74875,84543,89,86
P164,Johor,Pontian,Pontian,BN,UMNO,BN,UMNO,13727,32.11,833,1.79,71,68,27804,28211,21132,66,63,-3,46,-7079,-33.5,49633,53253,55570,41881,44767,45726,86,84
P165,Johor,Tanjung Piai,Tanjung Piai,BN,MCA,PH,PPBM,5457,11.98,524,1.14,52,57,25038,24631,20731,56,59,3,46,-3900,-18.81,51875,48255,53528,44619,41733,44948,88,86
